{"mae": 0.782705533259914, "r2": -0.0907844432966014}