{"mae": 0.775668844739067, "r2": -0.07630463077043004}